site_code,site_name,start_date,end_date,duration_years,pct_missing_sea_level,p99_sea_level,p99_total_precip_mm,joint_exceedances,CPR
1359139,Hudson_River_At_Albany_Ny,1987-09-15 20:00:00,2021-04-07 03:00:00,33.55783709787816,2.060671162841292,1.9187349999999976,22.012224239759274,1949,2.712747580511053
763A,Dauphin_Island_AL,1981-03-31 19:00:00,2018-12-31 22:00:00,37.752224503764545,12.239378739348522,1.555,33.4835035311777,2226,3.078625267962105
8539094,Burlington,1981-01-01 00:00:00,2021-08-31 22:00:00,40.662559890485966,2.7006404448047667,7.851,24.16405529730231,938,2.2796848181967135
8513388,Moriches_Cgs,1989-07-18 17:00:00,2014-01-22 17:00:00,24.514715947980836,3.005160611827992,1.4324899999999998,24.61343836784173,89,2.564805693419498
8570283,Ocean_City_Inlet,1997-12-01 00:00:00,2021-07-31 22:00:00,23.66324435318275,3.457135282350389,3.532,23.856239140009052,1382,3.190503733982301
MTB,Middle_River_at_Tracy_Blvd,1987-10-01 09:00:00,2021-06-02 18:00:00,33.67008898015058,2.3021256123755767,2.1824,13.55719858395846,1762,2.458683440826193
565A,Port_San_Luis_CA,1981-01-01 00:00:00,2018-12-31 22:00:00,37.9958932238193,8.38589591557964,3.173,16.507006406687825,1286,1.6864214759524507
8770733,Lynchburg_Landing,1996-01-01 00:00:00,2017-08-29 06:00:00,21.659137577002053,12.777096028356095,2.288,26.039718515465683,528,4.203622401811939
9075014,Harbor_Beach_Mi,1981-01-01 00:00:00,2021-08-02 03:00:00,40.58316221765914,0.09276020643362305,177.431,18.901534378528556,1012,1.1442010532450821
9418767,North_Spit,1981-01-01 00:00:00,2021-07-31 22:00:00,40.577686516084874,1.4134434552339294,6.829,25.568811957597212,2302,2.635882144468028
773A,Clearwater_Bch_FL,1996-01-01 00:00:00,2018-12-31 22:00:00,22.99794661190965,3.1266274184988814,1.62,22.337190976107845,1170,2.4106766100502153
9444900,Port_Townsend,1981-01-01 00:00:00,2021-07-31 22:00:00,40.577686516084874,0.732303142578438,3.892,19.360189258958222,2815,3.1983832859065453
S22_T,BiscayneBay_S22_T,1983-12-14 12:00:00,2020-12-31 22:00:00,37.04859685147159,3.098106712564544,0.8443,16.27101629972425,1659,2.120527758582275
752A,Fort_Pulaski_GA,1981-01-01 00:00:00,2018-12-31 22:00:00,37.9958932238193,0.4776415136822828,3.653,24.114724099636035,1155,1.3961712455291686
8771013,Eagle_Point,1993-08-01 00:00:00,2021-08-31 22:00:00,28.082135523613964,2.1422391557774247,2.148,26.0730990767474,1998,3.337108671821712
8761955,Carrollton,1996-09-24 00:00:00,2021-08-31 22:00:00,24.933607118412045,1.0435013335407222,10.83,25.950842401636027,394,1.22184456067928
8760721,Pilottown,1981-01-01 00:00:00,2021-08-31 22:00:00,40.662559890485966,1.9196512479276013,2.393,29.079413613879932,461,1.9080644089337095
8454000,Providence,1981-01-01 00:00:00,2021-08-31 22:00:00,40.662559890485966,1.5170939571521946,2.82,24.25183900186301,1519,1.7417287581956675
9431647,Port_Orford,1981-01-01 00:00:00,2021-08-31 22:00:00,40.662559890485966,4.254483534424961,9.559,31.81241203822646,2512,3.1391359408801303
8534720,Atlantic_City,1981-01-01 00:00:00,2021-07-31 22:00:00,40.577686516084874,2.475774962260385,3.23,24.156057238578686,2040,2.3729720830247243
8518643,Randalls_Island,1981-04-30 19:00:00,2014-08-09 23:00:00,33.275838466803556,1.0668458455747494,3.03788,24.6328383684044,19,2.1965393220130744
742A,Woods_Hole_MA,1981-01-01 00:00:00,2018-12-31 22:00:00,37.9958932238193,2.239301100286705,1.705,27.157045602798433,2083,2.5769748028122965
9443090,Neah_Bay,1981-01-01 00:00:00,2021-07-31 22:00:00,40.577686516084874,0.8323798868233223,3.3773499999999768,32.41387596722453,3056,3.4674779563513884
576A,Humboldt_Bay_CA,1981-01-01 00:00:00,2018-12-31 22:00:00,37.9958932238193,1.4341253996607575,6.821,25.72540542482776,2177,2.6592161755640236
556A,Crescent_City_CA,1981-01-01 00:00:00,2018-12-31 22:00:00,37.9958932238193,1.2566985394557109,3.487,37.66102218619372,2330,2.835197159306233
9414863,Richmond,1996-01-01 00:00:00,2021-08-31 22:00:00,25.66461327857632,2.4720109867154965,5.596,15.960665762422622,1411,2.6105341885085824
8721604,Trident_Pier,1994-10-21 10:00:00,2021-08-31 22:00:00,26.861054072553046,1.7432700433587995,6.972,18.73236191270708,1121,1.945480247366122
1310521,Hudson_Bay_At_Freeport_Ny,1999-10-15 19:00:00,2021-04-07 03:00:00,21.475701574264203,0.4525535813879373,1.2893,25.7448256015777,1139,2.482615633717668
8638610,Sewells_Point,1981-01-01 00:00:00,2021-08-31 22:00:00,40.662559890485966,0.5027056899439225,2.536,23.615487743154485,2349,2.658225196774924
9449424,Cherry_Point,1981-01-01 00:00:00,2021-08-31 22:00:00,40.662559890485966,1.0758238398074458,4.988,23.41274321069015,2817,3.2056089668284935
740A,Eastport_ME,1981-01-01 00:00:00,2018-12-31 22:00:00,37.9958932238193,1.8583287050240922,7.844,24.31339967250203,911,1.1153113680555822
9063020,Buffalo_Ny,1981-01-01 00:00:00,2021-08-02 03:00:00,40.58316221765914,0.04047718098921733,175.136,19.596374779939612,1608,1.8267332239656602
8575512,Annapolis,1981-01-01 00:00:00,2021-08-31 22:00:00,40.662559890485966,1.9174070260974945,2.161,24.33604687449242,2626,3.0129467061562147
8447930,Woods_Hole,1981-01-01 00:00:00,2021-08-31 22:00:00,40.662559890485966,2.0063343161154763,1.7152700000000187,27.231777012274968,2206,2.5625187958771907
8720226,Southbank_Riverwalk,1997-04-01 00:00:00,2021-08-31 22:00:00,24.416153319644078,8.828572095956646,0.58,18.62285191665936,505,1.7380423481046339
8747437,Bay_Waveland_Yacht_Club,1981-01-01 00:00:00,2021-08-31 22:00:00,40.662559890485966,7.805964580568967,1.665,31.10876873656699,2006,3.1664551772731073
9412110,Port_San_Luis,1981-01-01 00:00:00,2021-08-31 22:00:00,40.662559890485966,0.8264346889368279,3.173,16.50198906649492,1520,1.734027294250851
584A,Port_Angeles_WA,1981-01-01 00:00:00,2018-12-31 22:00:00,37.9958932238193,24.632612317807233,3.716,23.620911002157,2968,4.751769850807189
8573927,Chesapeake_City,1981-01-01 00:00:00,2021-08-31 22:00:00,40.662559890485966,4.723806424646044,2.243,23.442173010835102,989,2.2620654868647554
9087068,Kewaunee_Lake_Michigan_Wi,1981-01-01 00:00:00,2021-08-02 04:00:00,40.58316221765914,6.976953369856391,177.449,18.817435118112297,1528,1.8671560028214425
9052000,Cape_Vincent_Ny,1981-01-01 00:00:00,2021-07-02 03:00:00,40.498288843258045,3.669453426926414,75.688,20.250603795000416,1096,1.2833349633392475
769A,Rockport_TX,1981-01-01 00:00:00,2018-12-31 22:00:00,37.9958932238193,2.489980335940197,2.419,20.05780652165403,2489,3.0834522285024693
8311030,Ogdensburg_Ny,1981-01-01 00:00:00,2021-08-02 03:00:00,40.58316221765914,0.34855350296270476,75.261,18.967309594154308,1249,1.4164050315545766
S25_T,Miami_S25_T,1981-01-01 00:00:00,2020-12-31 22:00:00,39.997262149212865,3.851539617669455,0.8778,17.371626078988726,1825,2.1693846005724535
8720030,Fernandina_Beach,1981-01-01 00:00:00,2021-08-31 22:00:00,40.662559890485966,3.078230767720235,2.799,19.918111534559483,1274,1.5097088765807822
S46_T,S46_T_Loxahatchee_SouthwestFork,1995-12-26 11:00:00,2017-12-31 22:00:00,22.015058179329227,2.034239051586561,1.5953619999999995,16.628660857668123,593,1.2544694517549388
1407081,Raritan_Bay_At_Keansburg_Nj,2000-10-30 00:00:00,2021-01-29 13:00:00,20.249144421629023,20.817607228562736,1.14,24.6685690569208,899,2.5929906880985505
9099044,Ontonagon_Mi,1981-01-01 00:00:00,2021-08-02 03:00:00,40.58316221765914,1.751762443922239,183.895,17.580991093291228,1530,1.7831967335565266
592A,South_Beach_OR,1981-01-01 00:00:00,2018-12-31 22:00:00,37.9958932238193,0.8568126210240322,4.311,29.91401964424956,2745,3.3268195323685736
RRI,Rough_and_Ready_Island,2000-08-28 17:00:00,2021-01-01 06:00:00,20.34223134839151,1.0979398207857167,2.0848,14.532469540764165,952,2.1630719638509266
9087079,Green_Bay_Wi,1981-01-01 00:00:00,2020-10-27 19:00:00,39.81930184804928,1.5701451832838695,177.472,18.11185752606455,1648,1.9198288863892639
8461490,New_London,1981-01-01 00:00:00,2021-08-31 22:00:00,40.662559890485966,1.5768463633787884,2.253,26.2935310602188,2422,2.7804820068991623
9413450,Monterey,1981-01-01 00:00:00,2021-08-31 22:00:00,40.662559890485966,0.471006056593664,2.907,16.39266073696591,1811,2.044427949807921
9447130,Seattle,1981-01-01 00:00:00,2021-08-31 22:00:00,40.662559890485966,0.42079159314502446,6.142,19.597916134921345,2296,2.5961893671565583
8519483,Bergen_Point_West_Reach,1981-09-17 23:00:00,2021-08-31 22:00:00,39.950718685831625,4.86677402407547,3.288,24.20199534296644,1954,2.375774050395562
14246900,Columbia_River_At_Port_Westward_Near_Quincy_Or,1991-02-22 08:00:00,2021-05-02 00:00:00,30.187542778918548,0.006045926368174244,2.8743,23.625460266964566,1776,2.7056775000055264
8658120,Wilmington,1981-01-01 00:00:00,2021-08-31 22:00:00,40.662559890485966,1.2138434823590136,2.417,27.238554358439124,1284,1.4616285309740011
9014070,Algonac_Mi,1981-01-01 00:00:00,2021-08-02 03:00:00,40.58316221765914,1.3171949313574471,176.152,21.280835270789638,1003,1.1510744508342545
8772440,Freeport,1981-01-01 00:00:00,2008-03-19 13:00:00,27.211498973305954,1.3875497799203522,2.048,27.607541024668286,1352,2.3323442191433195
9087044,Calumet_Harbor_Il,1981-01-01 00:00:00,2021-08-02 04:00:00,40.58316221765914,0.8368071464510888,177.474,23.622126340818244,1414,1.6081752359751686
750A,Wilmington_NC,1981-01-01 00:00:00,2018-12-31 22:00:00,37.9958932238193,0.7268196760683889,2.398,27.348882988792397,1240,1.5067517916895068
8510560,Montauk,1981-01-01 00:00:00,2021-07-31 22:00:00,40.577686516084874,5.8730430920340595,2.221,26.59493327136256,2355,2.838682048477406
8670870,Fort_Pulaski,1981-01-01 00:00:00,2021-08-31 22:00:00,40.662559890485966,0.9972760757537079,3.664,24.1525243387343,1200,1.3701412465976222
S21A,BiscayneBay_S21A_T,1981-01-01 00:00:00,2020-12-31 22:00:00,39.997262149212865,1.4670358973188948,0.7877,15.088981837034133,1382,1.6129739246447685
9414290,San_Francisco,1981-01-01 00:00:00,2021-08-31 22:00:00,40.662559890485966,0.7187120410917017,3.819,15.936309099095014,2272,2.579408082582017
8533051,Toms_River,1981-01-01 00:00:00,2016-01-11 10:00:00,35.02532511978097,2.1508388075937246,-0.12915000000000054,23.742698967397434,35,5.784803680654655
744A,New_London_CT,1981-01-01 00:00:00,2018-12-31 22:00:00,37.9958932238193,1.3944970654017623,2.244,26.311668574767253,2267,2.7629079478120975
9063032,Barcelona_Ny,1981-01-01 00:00:00,2019-10-20 11:00:00,38.79808350444901,0.7391595808488869,175.25895999999997,20.891442894935448,33,2.946567186121729
741A,Boston_MA,1981-01-01 00:00:00,2018-12-31 22:00:00,37.9958932238193,0.4641318542758072,4.543520000000019,23.83599001168583,1366,1.6484396254714933
8454049,Quonset_Point,1999-10-17 15:00:00,2021-08-31 22:00:00,21.872689938398356,4.2353346128170895,8.571,25.797985158935173,934,2.061336422283823
8771450,Galveston_Pier_21,1981-01-01 00:00:00,2021-08-31 22:00:00,40.662559890485966,1.5257903167438585,2.171,28.419522046971206,2590,2.973518496713367
SR3,Three_Mile_Slough_at_San_Joaquin_R,1982-10-01 08:00:00,2021-03-16 15:00:00,38.455852156057496,8.881914615913999,2.161,14.94257757066806,2350,3.0881716716043845
767A,Galveston_PPier,1981-01-01 00:00:00,2011-07-20 16:00:00,30.546201232032853,0.6161659540302855,1.966,27.89842867843591,1618,2.4549114219955523
8311062,Alexandria_Bay_Ny,1983-06-01 21:00:00,2021-08-02 03:00:00,38.168377823408626,0.6769458831827515,75.52471999999997,19.70836986511696,1210,1.4714428477149837
551A,San_Francisco_CA,1981-01-01 00:00:00,2018-12-31 22:00:00,37.9958932238193,0.17532535763070595,3.816,16.013270735641036,2152,2.5946077856139036
8638863,Chesapeake_Bay_Bridge_Tunnel,1981-01-01 00:00:00,2017-09-28 11:00:00,36.73921971252567,0.5231814399443596,8.924,24.17855293616919,2151,2.6856284909729906
9063028,Sturgeon_Point_Ny,1981-01-01 00:00:00,2021-08-02 03:00:00,40.58316221765914,0.7254972509247911,175.113,20.285458967646218,1160,1.7266221099932828
9052030,Oswego_Ny,1981-01-01 00:00:00,2021-08-02 03:00:00,40.58316221765914,0.05818594767199991,75.697,21.818256806279532,1159,1.3176295688301192
9444090,Port_Angeles,1981-01-01 00:00:00,2021-07-31 22:00:00,40.577686516084874,1.5123957416783094,11.713,23.424917340232586,4075,4.663901894313979
2480212,Pascagoula_River_At_Mi_1_At_Pascagoula_Ms,1999-09-23 14:00:00,2021-03-11 17:00:00,21.464750171115675,5.558980463850684,0.7710940000000003,31.47468957604346,1104,2.5263900501805705
9014087,Dry_Dock_Mi,1981-01-01 00:00:00,2021-08-02 03:00:00,40.58316221765914,1.6165574157568672,176.982,18.118660886941008,1107,1.2797543970020706
1310740,Reynolds_Channel_At_Point_Lookout_Ny,1997-12-24 21:00:00,2021-04-07 03:00:00,23.28268309377139,0.5119963939775506,1.2984,25.680425167083786,1227,2.459435984583103
8774770,Rockport,1981-01-01 00:00:00,2021-08-31 22:00:00,40.662559890485966,1.8441892888902602,2.454,20.30067244713179,2572,2.9668186239252394
8720587,St_Augustine_Beach,1981-01-01 00:00:00,2002-07-15 18:00:00,21.533196440793976,6.614612854183993,2.777,21.66230164216924,390,1.8470183949949746
9063007,Ashland_Ave_Ny,1981-01-01 00:00:00,2021-08-02 03:00:00,40.58316221765914,1.7852123365452726,101.23435999999998,19.82706248755618,1412,1.6204557573060492
SGX,Sacramento_R_at_Snodgrass,1982-10-01 08:00:00,2021-04-26 13:00:00,38.56810403832991,3.636858388495507,5.3218,17.17134002980679,2585,3.185206242373514
9416841,Arena_Cove,1981-01-01 00:00:00,2021-07-31 22:00:00,40.577686516084874,2.335217737197345,10.879,26.11618095629626,2128,2.984044643584935
8452660,Newport,1981-01-01 00:00:00,2021-08-31 22:00:00,40.662559890485966,1.0732990902485755,2.022,27.569393813609977,1711,1.9520328609534208
MRU,Middle_River_at_Undine_Road,1982-10-04 21:00:00,2021-05-14 14:00:00,38.60643394934976,5.069110807760266,3.5082,13.335521072047028,1330,1.6589899181192647
LIR,Liberty_Island_RD2068,1997-12-18 14:00:00,2021-01-01 07:00:00,23.0362765229295,0.9784406349960882,2.2189,16.11518260833956,1586,3.1827270354380173
1409125,Barnegat_Bay_At_Barnegat_Light_Nj,2000-10-28 15:00:00,2021-03-30 12:00:00,20.416153319644078,15.719313928152411,0.7132,23.74995622037694,1118,2.975961140718663
9075002,Lakeport_Mi,1981-01-01 00:00:00,2021-08-02 03:00:00,40.58316221765914,2.980132450331126,177.438,17.57915377612274,1028,1.1996495836187822
8574680,Baltimore,1981-01-01 00:00:00,2021-08-31 22:00:00,40.662559890485966,0.8741244028265973,2.085,24.266351461378715,2575,2.9354024046286087
S27_T,Miami_North_S27_T,1985-06-01 00:00:00,2020-12-31 22:00:00,35.58384668035592,2.066350163968059,0.8711,17.11698189916425,1487,1.9471709556331636
8726384,Port_Manatee,1990-05-31 13:00:00,2021-08-31 22:00:00,31.252566735112936,6.331715151293937,0.996,17.783634960648797,1145,2.288543291281965
8729210,Panama_City_Beach,1993-01-01 00:00:00,2021-07-31 22:00:00,28.577686516084874,4.328736503881693,8.976,29.740887880223,1425,2.9024779741874265
9446484,Tacoma,1997-07-03 10:00:00,2021-08-31 22:00:00,24.161533196440793,0.3120677201116079,4.048,20.754649650866632,1406,2.6645570662771725
9414575,Coyote_Creek,1983-11-03 21:00:00,2018-10-30 23:00:00,34.98973305954826,1.724683183197869,2.857,14.205107427198875,278,1.8391306173652775
578A,Santa_Monica_CA,1981-01-01 00:00:00,2018-12-31 22:00:00,37.9958932238193,2.412224740689593,2.691,15.319836358983073,980,1.2108279386477534
8635150,Colonial_Beach,1981-01-01 00:00:00,2010-08-17 18:00:00,29.623545516769337,4.841759113435169,1.666,22.12440386414516,1637,3.019169488330817
IBS,Ibis,1994-07-01 08:00:00,2021-01-01 07:00:00,26.50239561943874,33.255001205109664,2.3104,17.109720408916438,779,2.049858839731451
MDTS,MDTS,1991-11-22 12:00:00,2016-01-08 11:00:00,24.125941136208077,8.92762585574341,1.1857,15.09932056917928,760,1.624738120092405
MARKH,CalahootchieRiver_MarkH,1992-01-22 02:00:00,2020-12-31 22:00:00,28.941820670773442,18.788846191743026,0.8352,17.27161324014783,910,1.8097577660631323
8540433,Marcus_Hook,1981-09-10 20:00:00,2021-08-31 22:00:00,39.97262149212868,4.053618262400722,8.794,23.7775772808959,814,2.129950308111603
GYS,Goodyear_Slough,1994-08-15 07:00:00,2021-01-01 07:00:00,26.38193018480493,12.699284370743518,2.0544,15.9132161139859,1331,2.641750051734112
LIS,Yolo_Bypass_at_Lisbon,1982-10-01 08:00:00,2021-04-29 13:00:00,38.57631759069131,4.998137009634322,5.8247,17.189151759040886,2360,2.9421547195486886
9076070,SW_Pier_St_Marys_River_Mi,1981-01-01 00:00:00,2021-08-02 03:00:00,40.58316221765914,0.44103261786168046,183.748,17.583388090133596,1885,2.1395900180892014
MAL,Sacramento_River_at_Mallard_Island,1987-10-05 19:00:00,2021-06-09 06:00:00,33.67556468172484,4.167513515710743,2.0117,14.171606898307932,2171,3.095595564376833
240A,Fernandina_Beach,1981-01-01 00:00:00,2018-12-31 22:00:00,37.9958932238193,17.95673906843393,2.799,20.08815291960326,1060,1.5569684031465973
S21_T,BiscayneBay_S21_T,1984-01-17 01:00:00,2020-12-31 22:00:00,36.955509924709105,5.11182996166359,0.7878880000000005,14.828581522612552,1294,1.6929103624749793
8720219,Dames_Point,1995-09-19 21:00:00,2021-08-31 22:00:00,25.949349760438057,10.179624924167157,2.633,19.265275895595504,341,1.6711149512507126
774A,Port_Canaveral_FL,1994-10-21 10:00:00,2018-12-31 22:00:00,24.194387405886378,1.7623679284869,6.959,18.1674063205719,1021,1.9612078635556875
ROR,Roaring_River,1987-01-01 09:00:00,2011-10-07 12:00:00,24.763860369609855,18.351882220707193,2.0269,14.6753564476966,1066,2.406958196061304
1407600,Shrewsbury_River_At_Sea_Bright_Nj,2000-01-17 19:00:00,2021-04-06 13:00:00,21.215605749486652,39.63332347643754,0.9205,25.216977931979653,858,3.104674997227686
9410170,San_Diego,1981-01-01 00:00:00,2021-07-31 22:00:00,40.577686516084874,1.0834150907859117,3.206,9.684767246170498,1183,1.3451089022691416
8551910,Reedy_Point,1981-01-01 00:00:00,2021-08-31 22:00:00,40.662559890485966,4.42111700531039,2.448,23.7998217344284,1608,1.8969614853442631
14144700,Columbia_River_At_Vancouver_Wa,1998-02-04 23:00:00,2021-05-02 05:00:00,23.236139630390145,0.0,4.4928,21.349756658077155,681,1.3389368545842149
S36_T,S36_T,1985-06-01 00:00:00,2020-12-31 22:00:00,35.58384668035592,3.696413859869018,0.9393809999999998,16.645314262575496,2286,3.045272829197471
279A,Montauk_NY,1981-01-01 00:00:00,2018-12-31 22:00:00,37.9958932238193,6.233957279454811,2.211,26.36245976389769,2261,2.903092687614162
8761927,New_Canal_Station,1982-11-22 02:00:00,2021-08-31 22:00:00,38.77344284736482,3.113774569075841,2.018,27.37942063807618,2054,3.7164001928429338
8726520,St_Petersburg,1981-01-01 00:00:00,2021-08-31 22:00:00,40.662559890485966,0.9933486875510209,1.967,19.252725423274235,2455,2.784639313705984
755A,Virginia_Key_FL,1994-01-28 16:00:00,2018-12-31 22:00:00,24.922655715263517,0.5217892795188553,4.025,17.18624316155902,851,1.5778179380858952
761A,Panama_City_Beach,1993-01-01 00:00:00,2018-12-31 22:00:00,25.9958932238193,23.473144276292985,3.944,29.935254216192117,1236,2.8424742634724236
S40_T,S40_T,1985-09-01 00:00:00,2020-12-31 22:00:00,35.331964407939765,2.7216111421404197,0.9482880000000005,16.391829222402638,1425,1.891572805379471
14207770,Willamette_River_Below_Falls_At_Oregon_City_Or,1988-10-01 08:00:00,2021-05-02 05:00:00,32.580424366872,0.0,7.2969,21.46797016254017,2129,2.982649160235251
COCO1,Cocohatchee_River_COCO1_T,1994-06-28 13:00:00,2020-12-31 22:00:00,26.510609171800137,2.5197717747695805,1.0389649999999964,17.611708314869315,1647,2.9155925403791825
8726607,Old_Port_Tampa,1996-03-01 00:00:00,2021-08-31 22:00:00,25.50034223134839,8.142369575816675,9.657,17.897437918966205,1297,2.848658463486665
1378570,Hackensack_River_At_Hackensack_Nj,2000-04-21 07:00:00,2021-04-06 13:00:00,20.958247775496236,53.79013427531065,1.2344,24.888175725834497,500,2.3555459313315033
8418150,Portland,1981-01-01 00:00:00,2021-08-31 22:00:00,40.662559890485966,1.448364663605174,5.96,27.51527354121197,1446,1.649607544399165
9063009,American_Falls_Ny,1981-01-01 00:00:00,2021-08-02 03:00:00,40.58316221765914,0.3513644183091782,170.678,19.82706248755618,1464,1.676476999100839
253A,Newport_RI,1981-01-01 00:00:00,2018-12-31 22:00:00,37.9958932238193,0.2461760158513337,2.015,27.52355193670712,1599,1.9409759628535312
8411250,Cutler_Naval_Base,1981-01-01 00:00:00,2010-11-11 14:00:00,29.859000684462696,5.166966560844135,11.36,25.5361855029718,752,1.2680164018874704
14211820,Columbia_Slough_At_Portland_Or,1995-10-01 08:00:00,2021-05-02 06:00:00,25.582477754962355,0.001783492881634036,5.017,21.807686088331998,829,1.4785024143525656
9414750,Alameda,1981-01-01 00:00:00,2021-08-31 22:00:00,40.662559890485966,0.4056430957918035,3.235,15.936309099095014,2150,2.442010130912014
11304810,San_Joaquin_R_Bl_Garwood_Bridge_A_Stockton_Ca,1995-08-01 23:00:00,2021-04-06 15:00:00,25.678302532511978,2.535171225118052,4.5659,14.513041520000023,1208,2.221744413851288
8656483,Beaufort,1981-01-01 00:00:00,2021-07-31 22:00:00,40.577686516084874,0.5726301349068246,1.89,29.20359460267382,1484,1.6820967687396657
8770570,Sabine_Pass_North,1985-01-28 18:00:00,2020-09-30 13:00:00,35.66872005475702,2.396927327849769,1.913,32.99049454927349,2287,3.0146869104221494
OLD,Old_River_Near_Tracy,1985-03-29 23:00:00,2021-01-01 07:00:00,35.75906913073238,6.9119190488495015,2.4567,13.058805215693965,1636,2.25230738371837
765A,Grand_Isle_LA,1981-01-01 00:00:00,2018-12-31 22:00:00,37.9958932238193,2.1429321965205124,2.424,27.72249996662135,1963,2.4135872794467748
766A,Sabine_Pass_N_TX,1985-01-28 18:00:00,2018-12-31 22:00:00,33.921971252566735,2.1825029845476096,1.892,32.900796532630864,2192,3.0400685636528504
252A,Portland_ME,1981-01-01 00:00:00,2018-12-31 22:00:00,37.9958932238193,0.9105510439964574,5.956,27.538016855613662,1343,1.6312145271944298
9014098,Fort_Gratiot_Mi,1981-01-01 00:00:00,2021-08-02 03:00:00,40.58316221765914,1.0481903326999404,177.37,18.062025308608998,1139,1.3034859854955134
G93_T,G93_T,1991-10-25 14:00:00,2020-12-31 22:00:00,29.1854893908282,4.588253227489652,0.8525910000000003,16.559562741467694,1507,2.4699806763843317
G54_T,G54_T_WestFortLauderdale,1991-08-22 14:00:00,2020-12-31 22:00:00,29.360711841204655,2.962099578452513,0.9563,17.33380198468466,2106,3.3785934104400335
8737048,Mobile_State_Docks,1981-01-01 00:00:00,2021-08-31 22:00:00,40.662559890485966,5.422600996995548,1.343,30.738511681555202,1359,3.76496935730641
8637624,Gloucester_Point,1981-01-01 00:00:00,2003-09-18 18:00:00,22.71047227926078,1.3048784775413236,1.568,24.463957258711826,1239,2.5443962973539054
8531680,Sandy_Hook,1981-01-01 00:00:00,2021-08-31 22:00:00,40.662559890485966,3.040359524337183,2.688,24.8149335384368,2069,2.40337778271528
8770777,Manchester,1998-01-01 00:00:00,2021-08-31 22:00:00,23.66324435318275,3.5255838615603388,2.684,25.800596117924137,1144,4.840162591156913
8778490,Port_Mansfield,1996-01-01 00:00:00,2021-07-31 22:00:00,25.579739904175224,5.119172370738668,1.257,14.96233612292818,465,2.2084523038201813
555A,Monterey_CA,1981-01-01 00:00:00,2018-12-31 22:00:00,37.9958932238193,0.266890826941263,2.904,16.429642329988976,1683,2.030248793432802
8639348,Money_Point,1997-12-18 18:00:00,2021-08-31 22:00:00,23.701574264202602,2.058496532273202,7.958,23.77431511878964,1337,2.6390741357406897
S80_T,S80_T_SaintLucieEstuary,1998-05-17 09:00:00,2020-12-31 22:00:00,22.625598904859686,49.902697252331734,0.8588,15.667557805723751,537,2.164340701369123
8419870,Seavey_Island,1981-01-01 00:00:00,2021-08-31 22:00:00,40.662559890485966,5.997121785502888,3.642,26.125475764274533,281,1.6417931968031234
9414523,Redwood_City,1981-01-01 00:00:00,2021-08-31 22:00:00,40.662559890485966,3.4347815109784525,4.78,15.826355814920117,1131,2.097110042283351
8779770,Port_Isabel,1981-01-01 00:00:00,2021-07-31 22:00:00,40.577686516084874,2.130004188605307,1.941,17.206788062935598,2212,2.5902209329384647
S28_T,Miami_North_S28_T,1981-01-01 00:00:00,2020-12-31 22:00:00,39.997262149212865,3.84155784154073,0.8509,17.46881306020886,1599,1.8970167751421079
567A,Los_Angeles_CA,1981-01-01 00:00:00,2018-12-31 22:00:00,37.9958932238193,0.0,3.124,11.749255249867417,1124,1.3508600783483358
9440910,Toke_Point,1981-01-01 00:00:00,2021-07-31 22:00:00,40.577686516084874,1.656045225692736,4.478359999999986,25.453332543346487,3475,4.21401044286678
9044036,Fort_Wayne_Mi,1981-01-01 00:00:00,2021-08-02 03:00:00,40.58316221765914,0.2827780838552266,175.663,18.529414026551173,1135,1.283414076539619
S37A,S37A,1985-06-01 00:00:00,2020-12-31 22:00:00,35.58384668035592,2.9879692644037044,0.9592,16.6746377944946,1538,2.032988273531772
8728690,Apalachicola,1981-01-01 00:00:00,2021-07-31 22:00:00,40.577686516084874,2.0993627135415642,2.105,27.5667667388006,3449,4.027646807567518
9439040,Astoria,1981-01-01 00:00:00,2021-08-31 22:00:00,40.662559890485966,0.9596853600994191,3.643,25.516260546322545,3049,3.4664578731504103
S123,BiscayneBay_S123_T,1981-01-01 00:00:00,2020-12-31 22:00:00,39.997262149212865,6.286237412267318,0.8245,15.889171957964654,1421,1.7300735951913915
S20G,BiscayneBay_S20G_T,1984-12-06 15:00:00,2020-12-31 22:00:00,36.068446269678304,2.062090428358171,0.7945,14.824493785799183,1197,1.5460338810902066
9410840,Santa_Monica,1981-01-01 00:00:00,2021-08-31 22:00:00,40.662559890485966,3.2594516805013596,2.693,15.218417346414789,986,1.2086731309811163
8447180,Sandwich,1981-01-01 00:00:00,2001-08-31 22:00:00,20.66255989048597,2.472522922865455,3.3495,24.2547586560224,2,0.5882060706817502
558A,Neah_Bay_WA,1981-01-01 00:00:00,2018-12-31 22:00:00,37.9958932238193,0.9498791636019753,3.383,32.612491250038126,2856,3.47714997259511
762A,Pensacola_FL,1981-01-01 00:00:00,2018-12-31 22:00:00,37.9958932238193,3.890181479758027,3.238,31.98461584746828,2628,3.286593987477077
261B,Charleston_SC,1981-01-01 00:00:00,2018-12-31 22:00:00,37.9958932238193,1.198757111334604,2.88,25.33082997798448,1290,1.5728593994336546
8722670,Lake_Worth_Pier,1981-01-01 00:00:00,2021-08-31 22:00:00,40.662559890485966,3.2196167430169633,10.347,16.778385937140726,515,1.306410446139125
8579542,Lower_Marlboro,1981-01-01 00:00:00,2010-12-15 00:00:00,29.95208761122519,2.045239011125034,3.525,23.022856116267494,440,3.7849606521069634
8725110,Naples,1981-01-01 00:00:00,2021-08-31 22:00:00,40.662559890485966,3.4086924322034613,1.753,16.253950744863765,1487,1.731946255805606
8770613,Morgans_Point,1993-03-17 07:00:00,2021-08-31 22:00:00,28.45722108145106,1.3737012570549,2.425,26.965000107884393,2013,3.3307445184668647
8518668,Horns_Hook,1981-01-01 00:00:00,2005-10-14 10:00:00,24.78302532511978,3.060862841125109,3.2968400000000004,24.520463146613917,212,2.7658059257746017
8594900,Washington,1981-01-01 00:00:00,2021-08-31 22:00:00,40.662559890485966,3.927668730415658,2.676,22.776070535179283,2082,2.4520904964858286
8413320,Bar_Harbor,1981-01-01 00:00:00,2021-07-31 22:00:00,40.577686516084874,6.130825042799675,4.88,25.822150707142498,1157,1.4363224321796475
9432780,Charleston,1981-01-01 00:00:00,2021-08-31 22:00:00,40.662559890485966,1.7566646375160953,3.773,23.818132132197302,2791,3.198589806909462
1049320,Kennebec_River_At_Calumet_Bridge_At_Augusta_Maine,1998-06-03 02:00:00,2021-04-06 12:00:00,22.84188911704312,1.6295201330383584,3.5723,23.83301,860,1.7463963540228526
8635750,Lewisetta,1981-01-01 00:00:00,2021-08-31 22:00:00,40.662559890485966,2.5763666609626026,2.274,23.930452014536613,2596,3.0078610267727175
IST,Sacramento_River_at_I_Street_Bridge,1984-01-01 09:00:00,2021-01-01 07:00:00,36.99931553730322,4.63930398108269,7.617,17.365995943541144,2375,3.0754099814736673
RGP,San_Joaquin_R_at_Rindge_Pump,1982-10-01 08:00:00,2021-04-21 13:00:00,38.554414784394254,3.2449241657642305,2.2189,14.994882628294059,2056,2.544824236661547
9099004,Point_Iroquois_Mi,1981-01-01 00:00:00,2021-08-02 03:00:00,40.58316221765914,0.11356097999752639,183.882,18.454525955689803,1740,1.964969436757941
8735180,Dauphin_Island,1981-03-31 19:00:00,2021-08-31 22:00:00,40.41889117043121,3.9792162928007766,1.585,33.3074569702098,2433,3.143984665378599
8557380,Lewes,1981-01-01 00:00:00,2021-08-31 22:00:00,40.662559890485966,0.6070620050438885,2.57,25.719779133783,2068,2.3519451686065476
1408168,Barnegat_Bay_At_Mantoloking_Nj,2000-04-11 15:00:00,2021-04-06 14:00:00,20.982888432580424,31.03826918895412,0.4968,24.751354634719828,1023,3.254852052179446
594A,Harvest_Oil_P_CA,1992-05-14 04:00:00,2018-12-31 22:00:00,26.63107460643395,34.594182475467626,5.533,14.026162922382296,574,1.5108998280048573
569A,San_Diego_CA,1981-01-01 00:00:00,2018-12-31 22:00:00,37.9958932238193,0.08766267881535297,3.2,9.690542221069316,1095,1.3187010025017858
VOL,Volanti,1997-11-05 21:00:00,2021-01-01 07:00:00,23.15400410677618,6.598219520245936,2.1001,16.11454290151205,1224,2.6243438461604764
8515186,Fire_Island,1989-07-26 13:00:00,2014-01-24 23:00:00,24.49828884325804,3.079208243505632,2.88,26.422925829848477,61,1.682625429067755
8726724,Clearwater_Beach,1996-01-01 00:00:00,2021-08-31 22:00:00,25.66461327857632,3.1706807585811494,1.638,22.474953025578003,1272,2.352278033595315
SNC,Sunrise_Club,1994-07-01 08:00:00,2021-01-01 07:00:00,26.50239561943874,5.818527700306443,2.158,17.109720408916438,1375,2.544000960925286
9052058,Rochester_Ny,1981-01-01 00:00:00,2021-08-02 03:00:00,40.58316221765914,0.14869742182844423,75.694,19.819153258998732,866,0.9824610166188873
8574070,Havre_De_Grace,1981-01-01 00:00:00,2005-09-07 22:00:00,24.681724845995895,2.244631047725561,2.917,23.02954888540502,580,2.243310931768064
8467150,Bridgeport,1981-01-01 00:00:00,2021-07-31 22:00:00,40.577686516084874,1.8115015166124584,3.122,28.427960097695813,1814,2.089063353694496
8465705,New_Haven,1999-10-17 17:00:00,2021-08-31 22:00:00,21.872689938398356,1.5061906102992562,7.968,28.14425048229387,987,2.0973485345684337
8531804,Sea_Bright,1982-07-29 16:00:00,2015-09-25 13:00:00,33.15537303216975,0.8325821744844527,2.2015299999999995,24.82557028521794,13,0.8903558213051682
8452944,Conimicut_Light,1999-10-17 14:00:00,2021-08-31 22:00:00,21.872689938398356,5.814493207124045,7.354,24.898835182187717,837,1.868365950517732
745A,New_York_NY,1981-01-01 00:00:00,2018-12-31 22:00:00,37.9958932238193,15.615665200618443,2.862,24.2866575717926,1749,2.4983353169642952
8447435,Chatham,1994-08-17 14:00:00,2021-08-31 22:00:00,27.039014373716633,4.870207945729075,3.299,27.31554603573384,550,2.3321185763438534
8533365,Stouts_Creek,1981-01-01 00:00:00,2015-09-27 07:00:00,34.73511293634497,0.5628973779622721,0.753039999999999,23.198050409382585,21,1.7873279592133362
1372058,Hudson_River_Below_Poughkeepsie_Ny,1993-10-01 05:00:00,2019-11-06 16:00:00,26.09719370294319,0.42092840283241545,1.2253,23.11015042660464,1615,2.850335333568655
8443970,Boston,1981-01-01 00:00:00,2021-08-31 22:00:00,40.662559890485966,1.2839754145498512,4.55,23.836062252490738,1452,1.6537167899338712
9449880,Friday_Harbor,1981-01-01 00:00:00,2021-08-31 22:00:00,40.662559890485966,0.31643527804505833,3.837,18.438492715256384,3496,3.954651286180817
8729840,Pensacola,1981-01-01 00:00:00,2021-07-31 22:00:00,40.577686516084874,2.3068251777346114,3.26,31.633753985149546,2749,3.2339994609414013
MRZ,Martinez,1994-07-01 08:00:00,2021-06-09 06:00:00,26.937713894592743,3.67421948771802,2.1275,15.120205283164871,1703,3.0448646321960715
DGL,Doughty_Cut_Above_Grant_Line_Canal,1999-05-26 21:00:00,2021-06-02 17:00:00,22.017796030116358,2.1872361147806805,2.4658,12.973871231079078,930,1.9700180188579735
9099090,Grand_Marais_Lake_Superior_Mn,1981-01-01 00:00:00,2021-08-02 04:00:00,40.58316221765914,0.12171229237934883,183.884,17.785433409360344,1465,1.662303013918024
BDL,Beldon_Landing,1988-09-22 21:00:00,2020-07-03 15:00:00,31.77549623545517,6.267163980858909,2.0726,16.459235012467783,1580,2.447565580873545
MSM,SF_Mokelumne_River_at_New_Hope_Bridge,1982-10-01 08:00:00,2021-05-10 18:00:00,38.60643394934976,1.6150811825018097,2.3409,16.179769039154,2432,2.935736444279148
9075035,Essexville_Mi,1981-01-01 00:00:00,2021-08-02 03:00:00,40.58316221765914,0.14560541494732343,177.465,18.872071057558088,1378,1.5538841975742161
9014096,Dunn_Paper_Mi,1981-01-01 00:00:00,2021-08-02 03:00:00,40.58316221765914,1.5535929119958622,177.21,18.062025308608998,1113,1.279000355107012
9410660,Los_Angeles,1981-01-01 00:00:00,2021-08-31 22:00:00,40.662559890485966,0.15933974993758257,3.125,11.718026324887877,1209,1.3660661486063979
8725520,Fort_Myers,1981-01-01 00:00:00,2021-08-31 22:00:00,40.662559890485966,4.000605939894129,1.999,16.091772425343997,3055,3.630761672032677
9063085,Toledo_Oh,1981-01-01 00:00:00,2021-08-02 03:00:00,40.58316221765914,0.2470794589550141,175.161,19.12369437514484,1570,1.7752941251781684
S44_T,S44_T,1981-01-01 00:00:00,2020-12-31 22:00:00,39.997262149212865,5.8547394899027205,0.9135,16.759141981601648,1470,1.7823532072336856
9075080,Mackinaw_City_Mi,1981-01-01 00:00:00,2021-08-02 03:00:00,40.58316221765914,0.13098865514566163,177.398,17.936101406766657,1215,1.3859423248788167
8447386,Fall_River,1999-10-17 07:00:00,2021-08-31 22:00:00,21.872689938398356,2.9136593099420085,8.126,24.97887983918184,835,1.798524856842908
FPT,Sacramento_River_at_Freeport,1984-01-01 09:00:00,2021-01-01 07:00:00,36.99931553730322,7.74697171960698,36.1493,17.3737287520907,2306,3.084115140584948
8518750,The_Battery,1981-01-01 00:00:00,2021-08-31 22:00:00,40.662559890485966,3.2173725211868565,2.863,24.288365244865386,2072,2.4086813398161757
8661070,Springmaid_Pier,1981-01-01 00:00:00,2021-08-31 22:00:00,40.662559890485966,5.45373957488828,10.915,25.746853202508245,1292,1.5951199222905685
S25B,Miami_S25B_T,1981-01-01 00:00:00,2020-12-31 22:00:00,39.997262149212865,6.103428312309812,0.8819,16.558297991674518,1760,2.1390313327745383
11455420,Sacramento_R_A_Rio_Vista_Ca,1995-04-20 23:00:00,2021-04-06 16:00:00,25.960301163586585,2.117001924547204,4.4044,14.897399182970593,1374,2.4978010786365643
9415020,Point_Reyes,1981-01-01 00:00:00,2021-08-31 22:00:00,40.662559890485966,1.4520115240790976,3.219,20.752870738472048,2318,2.6460519152771287
8761305,Shell_Beach,1982-11-29 23:00:00,2021-08-31 22:00:00,38.75154004106776,1.9748616507712233,10.53,31.3252860307693,1160,3.8170450806186245
760A,Apalachicola_FL,1981-01-01 00:00:00,2018-12-31 22:00:00,37.9958932238193,1.387892343025263,2.087,27.642914235585714,3377,4.126786398040648
8729108,Panama_City,1981-01-01 00:00:00,2021-08-31 22:00:00,40.662559890485966,1.8643872853612216,1.722,28.352331221100183,2371,2.7725429921058082
9052025,Port_Ontario_Lake_Ontario_Ny,1981-01-01 00:00:00,2018-11-05 14:00:00,37.842573579739906,0.7795190855571934,75.30781,21.6580957173277,6,0.4978997965834423
8727520,Cedar_Key,1981-01-01 00:00:00,2021-07-31 22:00:00,40.577686516084874,4.146719253809803,1.992,24.174782097330635,2122,2.5061089578382845
ANH,San_Joaquin_River_at_Antioch,1982-10-01 08:00:00,2021-03-10 15:00:00,38.4394250513347,1.746456636831984,2.0726,14.469675630262488,2549,3.13808461561633
9044049,Windmill_Point_Mi,1981-01-01 00:00:00,2021-08-02 03:00:00,40.58316221765914,0.5624641608293324,175.917,18.347145467990657,1076,1.2257779698751141
BAC,Bacon_Island_at_Old_River,1987-05-05 09:00:00,2021-06-02 17:00:00,34.078028747433265,5.7003317299162815,2.097,14.080191135369734,1880,2.6793716535408953
8632200,Kiptopeke,1981-01-01 00:00:00,2021-08-31 22:00:00,40.662559890485966,1.2985628564455454,2.298,24.85415816303724,2153,2.459244552532255
9435380,South_Beach,1981-01-01 00:00:00,2021-08-31 22:00:00,40.662559890485966,1.1644706020966642,4.266,29.734095632998198,2930,3.3300290125652845
8577330,Solomons_Island,1981-01-01 00:00:00,2021-08-31 22:00:00,40.662559890485966,3.6213324506060802,1.926,24.787882864444466,2426,3.0807527476310654
759A,St_Petersburg_FL,1981-01-01 00:00:00,2018-12-31 22:00:00,37.9958932238193,0.5079631936834836,1.953,19.166150212245082,2308,2.7988908025091246
1409146,East_Thorofare_At_Ship_Bottom_Nj,2000-05-05 15:00:00,2021-04-06 13:00:00,20.917180013689254,26.079298517310768,0.6066,24.0340381860733,1071,3.1986282114421734
9087031,Holland_Mi,1981-01-01 00:00:00,2021-08-02 03:00:00,40.58316221765914,6.296731467635121,177.444,23.40497747053403,1299,1.5733834721997062
557A,Port_Orford_OR,1981-01-01 00:00:00,2018-12-31 22:00:00,37.9958932238193,11.432774433720109,4.565,32.00477579227471,2322,3.1595661254618608
775A,Galveston_Pier_21,1981-01-01 00:00:00,2018-12-31 22:00:00,37.9958932238193,2.57223915099296,2.136,28.64389204977854,2464,3.04531332852537
9063063,Cleveland_Oh,1981-01-01 00:00:00,2021-08-02 03:00:00,40.58316221765914,0.1571301678678645,175.07,20.009484440087647,1268,1.435834835463324
9063090,Fermi_Power_Plant_Mi,1981-01-01 00:00:00,2021-08-02 03:00:00,40.58316221765914,1.7849312450106254,175.11434000000003,21.03026667551668,1225,1.407949228974961
8665530,Charleston,1981-01-01 00:00:00,2021-08-31 22:00:00,40.662559890485966,1.1434310224394129,2.893,25.272603109448028,1346,1.5441587996660413
757A,Naples_FL,1981-01-01 00:00:00,2018-12-31 22:00:00,37.9958932238193,3.00454825200018,1.739,16.172532647731163,1387,1.7435313393165286
554A,La_Jolla_CA,1981-01-01 00:00:00,2018-12-31 22:00:00,37.9958932238193,3.752683168465453,3.246,12.4291777610778,1045,1.3102257747845614
S197,S197_T,1981-01-01 00:00:00,2020-12-31 21:00:00,39.997262149212865,14.759096275931302,0.701,15.776548027948694,1298,1.7666974226148946
747A,Lewes_DE,1981-01-01 00:00:00,2018-12-31 22:00:00,37.9958932238193,0.23867064951440278,2.56,25.69867199483227,1983,2.3930130141361428
8723214,Virginia_Key,1994-01-28 16:00:00,2021-08-31 22:00:00,27.589322381930184,1.4975915321163507,4.045,17.47532516717906,1028,1.7266796809205576
264A,Atlantic_City_NJ,1981-01-01 00:00:00,2018-12-31 22:00:00,37.9958932238193,2.2456056080097273,3.222,24.150028620317595,1941,2.4075550292796124
9044020,Gibraltar_Mi,1981-01-01 00:00:00,2021-08-02 03:00:00,40.58316221765914,0.15347597791744905,175.203,20.99472671739025,1178,1.3306825813225738
9052076,Olcott_Ny,1981-01-01 00:00:00,2021-08-02 03:00:00,40.58316221765914,2.223996222129774,75.72,19.760906696319502,870,1.0200377747972544
9099018,Marquette_CG_Mi,1981-01-01 00:00:00,2021-08-02 03:00:00,40.58316221765914,0.25073364890542954,183.886,16.367648243847153,1486,1.6838337587615166
GORDO,Gordon_FloridaWestCoast,1981-01-01 00:00:00,2020-12-31 22:00:00,39.997262149212865,7.410755791569107,0.8958879999999888,16.3955299677809,2268,2.8387177318073915
8419317,Wells,1999-07-01 00:00:00,2020-12-31 22:00:00,21.503080082135522,4.9109108365735015,7.783,24.79903122774324,562,1.718645317687884
9415144,Port_Chicago,1981-01-01 00:00:00,2021-08-31 20:00:00,40.662559890485966,1.7566744934342116,2.9229400000000023,15.402350696801884,2767,3.160382202091239
9415252,Petaluma_River_Entrance,1985-06-21 19:00:00,2014-06-30 22:00:00,29.023956194387406,0.8399232788843994,3.00725,18.054590857714103,31,1.6145071857150344
577A,Santa_Barbara_CA,1981-01-01 00:00:00,2018-12-31 22:00:00,37.9958932238193,45.95685915429532,2.893,15.238406538877467,618,1.3747699502873436
9075099,De_Tour_Village_Mi,1981-01-01 00:00:00,2021-08-02 03:00:00,40.58316221765914,0.24033326212347791,177.391,18.18570792675014,966,1.0890520166236994
9063053,Fairport_Oh,1981-01-01 00:00:00,2021-08-02 03:00:00,40.58316221765914,0.2827780838552266,175.069,22.41691634051225,1043,1.1827945940043423
RVB,Sacramento_River_at_Rio_Vista_Bridge,1984-01-01 09:00:00,2021-01-01 07:00:00,36.99931553730322,5.937248542509996,2.1976,15.313385903747237,2409,3.195798053949274
573A,Arena_Cove_CA,1981-01-01 00:00:00,2018-12-31 22:00:00,37.9958932238193,20.632552274876538,4.879,26.344437122248774,1968,2.9869780061038553
8571559,Mccready_Aos_Creek,1981-10-19 17:00:00,2010-12-09 13:00:00,29.136208076659823,5.059723054155949,3.088,23.55620682239529,440,2.963833292704011
8571892,Cambridge,1981-01-01 00:00:00,2021-08-31 22:00:00,40.662559890485966,1.5824569179540553,1.667,23.878409862487555,2290,2.635601294463709
8741196,Pascagoula_Point,1981-01-01 00:00:00,2005-07-03 09:00:00,24.501026694045173,3.4648440773607216,1.551,31.430274248123098,81,2.354497693906717
8720625,Racy_Point,1997-04-01 00:00:00,2019-08-05 12:00:00,22.34360027378508,8.765194484293716,0.639,17.683701872756412,287,1.9256954756824194
ORI,Old_River_at_Clifton_Court_Intake,1982-10-01 08:00:00,2021-06-02 14:00:00,38.6694045174538,3.7559405633910843,2.2525,13.267451524711701,1984,2.4597365412865058
8659084,Southport,1981-01-01 00:00:00,2008-01-30 22:00:00,27.077344284736483,5.0723935580896695,4.892,29.851986348624834,299,1.735221061401789
9087057,Milwaukee_Wi,1981-01-01 00:00:00,2021-08-02 04:00:00,40.58316221765914,0.09585194388304376,177.462,19.651746402205337,1318,1.497969978707376
572A,Astoria_OR,1981-01-01 00:00:00,2018-12-31 22:00:00,37.9958932238193,0.3143247421906663,3.646,25.67955929040283,2899,3.5166573476547307
8726667,Mckay_Bay_Entrance,1990-12-11 14:00:00,2020-01-31 22:00:00,29.138945927446954,7.7575643690715275,1.174,17.411146461927242,1092,2.503085200685031
8720218,Mayport_Bar_Pilots_Dock,1995-09-20 00:00:00,2021-08-31 22:00:00,25.946611909650922,4.498595425350923,4.563,19.17423486709223,839,1.811436480347714
564A,Willapa_Bay_WA,1981-01-01 00:00:00,2018-12-31 22:00:00,37.9958932238193,3.2555277023071496,4.479,25.771401275181884,3411,4.2414185515536085
9014090,Mouth_Of_The_Black_River_Mi,1981-01-01 00:00:00,2021-08-02 03:00:00,40.58316221765914,1.7891476180303356,177.09,18.062025308608998,1109,1.279476094976008
9044030,Wyandotte_Mi,1981-01-01 00:00:00,2021-08-02 03:00:00,40.58316221765914,0.1287399228684829,175.54,19.451493024821,1162,1.314241853771835
9014080,St_Clair_State_Police_Mi,1981-01-01 00:00:00,2021-08-02 03:00:00,40.58316221765914,0.24623618435107206,176.611,18.554482310951787,1112,1.2537912923543988
8555889,Brandywine_Shoal_Light,1984-03-18 21:00:00,2021-08-31 22:00:00,37.45379876796714,10.297512807548687,7.788,,0,
8410140,Eastport,1981-01-01 00:00:00,2021-08-31 22:00:00,40.662559890485966,2.710458915311484,7.85,24.242467284130893,979,1.1320250732260093
S26_T,MiamiRiver_S26_T,1985-06-01 00:00:00,2020-12-31 22:00:00,35.58384668035592,0.5542537129228629,0.8914,16.282667219636302,1624,2.09623486232021
772A,Port_Isabel_TX,1981-01-01 00:00:00,2018-12-31 22:00:00,37.9958932238193,2.882360888034945,1.923,17.138998091214695,2113,2.6494900097780043
14211720,Willamette_River_At_Portland_Or,1988-10-01 08:00:00,2021-05-03 05:00:00,32.58316221765914,0.0007001673399942586,4.828,21.1510464549064,1121,1.5731458291509461
S155,S155_T_LakeWorthLagoon,1986-02-19 14:00:00,2020-12-31 22:00:00,34.86379192334018,0.6475255623721882,0.954,16.508671522062777,1352,1.7809691047666276
ORB,Old_River_at_Byron,2000-08-28 21:00:00,2021-01-01 06:00:00,20.34223134839151,0.945438232490327,2.7188,13.470350110813358,761,1.7280691170956741
8631044,Wachapreague,1981-01-01 00:00:00,2021-08-31 22:00:00,40.662559890485966,5.675637008340089,2.382,24.25218671560281,1751,2.228955245052952
S79_T,CalahootchieRiver_S79_T,1998-05-17 09:00:00,2020-12-31 22:00:00,22.625598904859686,50.20922611545249,0.8451,15.630418282497628,614,2.518847368938113
9076060,US_Slip_Mi,1981-01-01 00:00:00,2021-08-02 03:00:00,40.58316221765914,0.2841835415284633,177.745,17.446049153758718,1320,1.4906661049090693
S41_T,S41_T_BoyntonBeach,1985-09-01 00:00:00,2020-12-29 12:00:00,35.3264887063655,3.174838949254888,0.9271479999999982,16.481064438803408,1386,1.8490199059700592
9410230,La_Jolla,1981-01-01 00:00:00,2021-07-31 22:00:00,40.577686516084874,1.2006398164884868,3.242,12.529420554637856,1145,1.3082993288501659
9075059,Harrisville_Mi,1981-01-01 00:00:00,2008-11-05 12:00:00,27.84394250513347,5.766654512829127,177.393,17.563919305706793,545,0.9739690307557161
9063079,Marblehead_Oh,1981-01-01 00:00:00,2021-08-02 03:00:00,40.58316221765914,3.944276414171511,175.1,20.172136723914516,1255,1.484215703905719
VNI,San_Joaquin_River_at_Venice_Island,1982-10-01 08:00:00,2021-05-10 17:00:00,38.60643394934976,1.3934770147207431,2.2342,15.547125354299245,2373,2.8811926939247487
8573364,Tolchester_Beach,1981-01-01 00:00:00,2021-08-31 22:00:00,40.662559890485966,4.433740753104741,1.9123299999999872,25.750454813214567,1804,2.90024831940171
8771510,Galveston_Pleasure_Pier,1981-01-01 00:00:00,2011-07-20 16:00:00,30.546201232032853,0.6486547043337005,1.9695299999999698,27.89842867843591,1623,2.4437721617323036
8533615,Barnegat_Inlet_Inside,1984-09-06 19:00:00,2013-12-10 22:00:00,29.259411362080765,4.942844221262262,2.03,23.12748101269957,604,2.4644155834900543
S20F,BiscayneBay_S20F_T,1985-06-01 00:00:00,2020-12-31 22:00:00,35.58384668035592,1.589031610733737,0.8013070000000007,14.8391366004894,1180,1.5394206877677712
9439011,Hammond,1983-07-01 20:00:00,2014-08-12 23:00:00,31.11567419575633,1.6743411887199189,3.63,25.639160335026055,613,3.2025289670050765
9411406,Oil_Platform_Harvest,1992-05-14 04:00:00,2020-11-30 22:00:00,28.54757015742642,9.189385736033916,15.532,14.133224368027781,687,1.549310590812174
S49_T,S49_T_St_Lucie_NorthFork,1994-05-23 23:00:00,2020-12-31 22:00:00,26.60643394934976,0.5084542305449806,0.7934,16.961162239300585,1249,2.1617976319169308
8720357,I_295_Bridge,1997-04-01 00:00:00,2021-08-31 22:00:00,24.416153319644078,3.6098199060989,0.527,18.366616241507803,768,2.3809705816287807
749A,Chesapeake_BBT,1981-01-01 00:00:00,2016-12-31 22:00:00,35.997262149212865,0.13277350867464152,4.92,24.062039664521517,2110,2.6830704088137027
9099064,Duluth_Mn,1981-01-01 00:00:00,2021-08-02 04:00:00,40.58316221765914,0.06465087124076266,183.931,21.011432170865657,1754,1.992712121256249
9414764,Oakland_Inner_Harbor,1981-01-01 00:00:00,2011-05-01 23:00:00,30.327173169062284,0.27945778419690676,3.5148199999999994,14.629215568274311,40,7.407741752133537
8512451,Ponquogue_Point,1989-06-28 14:00:00,2014-02-28 23:00:00,24.670773442847366,3.265302347947511,2.6,25.147661611224446,89,2.3451259809844895
8636580,Windmill_Point,1996-01-01 00:00:00,2021-08-31 21:00:00,25.66461327857632,1.4120125512226775,1.498,26.365041732788,1650,3.05157265273411
9419750,Crescent_City,1981-01-01 00:00:00,2021-08-31 22:00:00,40.662559890485966,0.6954282396043436,3.484,37.380063389002714,2511,2.8653846914745387
8516945,Kings_Point,1998-11-01 00:00:00,2021-08-31 22:00:00,22.830937713894592,0.7234248772226081,6.694,24.21557861563191,1215,2.4488439581902957
1407770,Shark_River_At_Belmar_Nj,2000-01-29 19:00:00,2021-04-06 13:00:00,21.182751540041068,24.132639049685796,0.9997,24.93379062413702,893,2.557827246987469
8761724,Grand_Isle,1981-01-01 00:00:00,2021-08-31 22:00:00,40.662559890485966,1.8843047541034195,2.46,27.98732534701561,2108,2.4406006479367606
9087072,Sturgeon_Bay_Canal_Wi,1981-01-01 00:00:00,2021-08-02 04:00:00,40.58316221765914,0.32297326545928823,177.447,17.480855822550424,1547,1.7586391800017667
BEN,Mokelumne_R_at_Bensons_Ferry_Nr_Thorton,1982-10-01 08:00:00,2021-05-10 18:00:00,38.60643394934976,2.397506168097271,3.8435,17.77463525529121,2520,3.0570942258378184
575A,Charleston_OR,1981-01-01 00:00:00,2018-12-31 22:00:00,37.9958932238193,1.4875636079797054,3.774,24.00094508966844,2602,3.177385447136234
9063038,Erie_Lake_Erie_Pa,1981-01-01 00:00:00,2021-07-02 03:00:00,40.498288843258045,3.6393136006670197,175.084,21.848371297029924,1243,1.4609449815590092
9087096,Port_Inland_Mi,1981-01-01 00:00:00,2021-08-02 03:00:00,40.58316221765914,4.154532882087723,177.417,18.879388123704597,1532,1.8062639567345753
9087023,Ludington_Mi,1981-01-01 00:00:00,2021-08-02 03:00:00,40.58316221765914,0.4638010321681152,177.459,20.37518365665672,1286,1.4588605114169393
G56_T,G56_T_PampanoBay,1985-06-01 00:00:00,2020-12-31 22:00:00,35.58384668035592,2.183035156162346,1.0546,16.75240695476525,2540,3.3301779485702574
262A,St_Augustine_FL,1981-01-01 00:00:00,2002-07-15 18:00:00,21.533196440793976,55.05909025898008,2.777,21.66230164216924,393,1.856829285195724
9437540,Garibaldi,1981-01-01 00:00:00,2021-08-31 22:00:00,40.662559890485966,1.736466641045134,4.084,30.98541975019301,1309,3.7060219475160165
BYL,Bryte_Lab,1982-10-01 08:00:00,2021-03-18 13:00:00,38.46132785763176,4.357007693722231,8.3149,17.98931732304587,2612,3.2467178444656093
VON,Sacramento_River_at_Verona,1984-01-13 20:00:00,2021-01-01 07:00:00,36.96646132785763,11.70061099796334,9.589,17.528544263944084,1576,2.20697381319143
8770520,Rainbow_Bridge,1996-01-01 00:00:00,2021-07-31 22:00:00,25.579739904175224,7.134289090544247,2.009,29.85224485387101,759,4.434607523679203
9034052,St_Clair_Shores_Mi,1981-01-01 00:00:00,2021-08-02 03:00:00,40.58316221765914,0.05846703920664725,175.98152999999996,18.75013969838622,1034,1.1714590995126537
8545240,Philadelphia,1989-03-01 05:00:00,2021-08-31 22:00:00,32.50102669404517,1.0072932241104582,3.484,23.14015738700148,1492,2.1223497383578462
9411340,Santa_Barbara,1981-01-01 00:00:00,2021-08-31 22:00:00,40.662559890485966,3.913361816248727,2.895,15.245024387507895,708,1.4001953981895543
GSM,Georgiana_Slough_at_Mokelumne_R,1982-10-01 08:00:00,2021-04-21 15:00:00,38.554414784394254,4.153845243449239,2.1793,15.09163901209825,2361,2.9628814174790694
